Title,Link,PublishedDate
[In preview] Public Preview: SQL performance monitoring for SQL Server on Azure Virtual Machines,https://azure.microsoft.com/updates?id=571894,2026-09-30T21:13:13Z
Retirement: NVv3-series Azure Virtual Machines,https://azure.microsoft.com/updates?id=573414,2026-09-30T18:26:47Z
Retirement: NVv4-series Azure Virtual Machines,https://azure.microsoft.com/updates?id=573415,2026-09-30T18:24:01Z
[In preview] Public Preview: Ubuntu 26.04 support in AKS,https://azure.microsoft.com/updates?id=573214,2026-09-30T17:11:11Z
Announcing: Azure canvases for GitHub Copilot,https://azure.microsoft.com/updates?id=573385,2026-09-30T17:09:51Z
"Retirement: Dv3, Dsv3, Ev3, and Esv3 Azure VMs",https://azure.microsoft.com/updates?id=572346,2026-09-30T17:07:30Z
"Retirement: Transition to using standard tests for single-step availability testing in Azure Monitor application insights by September 30, 2028",https://azure.microsoft.com/updates?id=transition-to-using-standard-tests-for-singlestep-availability-testing-in-azure-monitor-application-insights-by-30-september,2026-09-30T16:18:26Z
[In preview] Public Preview: Reader Endpoint for Azure Database for MySQL,https://azure.microsoft.com/updates?id=569653,2026-10-01T17:57:11Z
"Retirement: DCsv3 and DCdsv3-series Azure Virtual Machines will be retired on October 31, 2029",https://azure.microsoft.com/updates?id=569592,2026-10-01T17:02:55Z
[In preview] Public Preview:  Major version upgrades (MVU) for Azure Database for PostgreSQL elastic clusters,https://azure.microsoft.com/updates?id=571504,2026-10-02T17:35:21Z
[In preview] Public Preview: Azure HorizonDB expands to additional regions,https://azure.microsoft.com/updates?id=572940,2026-10-05T18:51:57Z
[Launched] Generally Available: SQL Server on Azure Virtual Machines in Azure Bleu,https://azure.microsoft.com/updates?id=571499,2026-10-05T18:12:09Z
Announcing: Table discovery in OneLake Catalog search,https://azure.microsoft.com/updates?id=573875,2026-10-05T17:55:23Z
[In preview] Public Preview: Azure Backup for PostgreSQL flexible server and elastic cluster (v2),https://azure.microsoft.com/updates?id=573425,2026-10-05T17:44:31Z
[In preview] Public Preview: IPv6 Support for Application Gateway WAF,https://azure.microsoft.com/updates?id=573861,2026-10-05T17:41:41Z
